{"cameraMode":{"drawMode":0,"name":"Shaded","section":"Shading Mode"},"sceneLighting":false,"audioPlay":false,"sceneViewState":{"m_AlwaysRefresh":false,"showFog":true,"showSkybox":true,"showFlares":true,"showImageEffects":true,"showParticleSystems":true,"showVisualEffectGraphs":true,"m_FxEnabled":true},"in2DMode":false,"pivot":{"x":23.23133087158203,"y":28.255014419555665,"z":-13.965413093566895},"rotation":{"x":0.020801488310098649,"y":-0.8789880871772766,"z":0.4748552143573761,"w":0.03851909562945366},"size":107.66082763671875,"orthographic":false}